key,label,frequency
sabar,1,7
yaa,1,8
insya,1,3
allah,1,25
buka,1,9
pintu,1,1
syurga,1,1
halang,1,1
api,1,1
neraka,1,1
orang,1,27
tua,1,6
lagu,1,10
mbak,1,19
tata,1,3
kisah,1,5
nyata,1,9
rumah,1,9
tangga,1,2
bener,1,7
sayang,1,13
get,1,3
suami,1,18
syukur,1,8
moga,1,54
awet,1,2
komen,1,4
si,1,10
ga,1,45
sedih,1,7
ketawa,1,3
ya,1,54
iya,1,3
klo,1,20
dah,1,7
sakit,1,5
sm,1,15
pasang,1,10
smpe,1,3
larut,1,2
ngapain,1,1
sih,1,14
ampe,1,1
depresi,1,1
serahin,1,1
aja,1,32
bawa,1,4
happy,1,5
mski,1,1
mba,1,15
senyum,1,6
wajah,1,6
tp,1,15
hati,1,19
tau,1,9
bs,1,5
jd,1,17
menetralisir,1,1
kondisi,1,2
lg,1,9
puruk,1,1
pepatah,1,2
bilang,1,8
bahagia,1,19
jgn,1,6
trllu,1,2
imbang,1,1
biar,1,6
gila,1,5
suka,1,33
banget,1,69
gigi,1,4
raffi,1,1
keluarga,1,29
sakinnah,1,1
mawaddah,1,2
warrahmah,1,1
pisah,1,4
jodoh,1,9
maut,1,2
amiin,1,2
jemima,1,2
anak,1,44
angkat,1,1
celine,1,3
eleeya,1,1
hubung,1,2
dirly,1,1
haru,1,2
panti,1,1
asuh,1,1
rawat,1,1
wajar,1,6
stefen,1,1
pilih,1,8
karna,1,8
lucu,1,12
blg,1,3
stefan,1,2
menghabiskn,1,1
muda,1,9
wkwk,1,1
umur,1,11
mah,1,3
gak,1,29
muka,1,9
baby,1,1
face,1,1
bonus,1,8
celinenya,1,1
dlu,1,4
mantan,1,3
begimane,1,1
ude,1,1
pacran,1,1
mcam,1,1
laki,1,7
bini,1,1
hiks,1,1
lepas,1,2
tu,1,1
deh,1,17
susah,1,4
ambil,1,3
putus,1,4
kaya,1,13
tipical,1,1
cowo,1,2
tnggung,1,1
jwabnya,1,1
keenan,1,1
raisa,1,5
udah,1,22
ngedapetin,1,1
super,1,5
ngemong,1,1
mature,1,1
hamish,1,4
dewasa,1,5
banding,1,2
wanita,1,2
mikirin,1,1
gue,1,11
untung,1,11
istri,1,14
gagal,1,2
move,1,1
congratz,1,1
nikah,1,14
sakinah,1,1
mawadah,1,1
warahmah,1,2
cantik,1,43
yaaa,1,4
artis,1,14
tonjol,1,2
kalo,1,19
mewah,1,2
sederhana,1,8
sempurna,1,4
bgt,1,29
syudah,1,1
dandan,1,4
heboh,1,1
utk,1,7
lihat,1,13
makeup,1,3
simple,1,2
gitu,1,7
pesona,1,1
bikin,1,22
klepek,1,1
bagus,1,47
cari,1,8
ilmu,1,2
didik,1,3
sukak,1,5
cewe,1,3
kmauan,1,1
blajarnya,1,1
yaampun,1,2
good,1,3
attitude,1,1
layak,1,6
panutan,1,2
kuliah,1,2
negri,1,1
bakti,1,1
wilayah,1,1
salut,1,20
semangat,1,10
batman,1,1
va,1,1
support,1,2
manusia,1,8
salah,1,14
tolong,1,3
bahas,1,3
pliis,1,1
udh,1,6
salam,1,9
knl,1,2
mbk,1,4
neng,1,4
sbagai,1,2
ingetin,1,1
hrs,1,2
sombong,1,2
digedein,1,1
mentang,1,2
haha,1,1
cabut,1,1
ja,1,1
dri,1,7
foto,1,3
ni,1,9
nnt,1,1
korban,1,2
dy,1,8
sel,1,1
keren,1,72
pancar,1,2
presiden,1,4
embel,1,1
gelar,1,1
bangga,1,20
proud,1,2
indonesia,1,30
god,1,1
bless,1,2
amazing,1,2
bngt,1,5
miss,1,1
national,1,1
costume,1,1
kereenn,1,2
ama,1,11
budaya,1,2
kak,1,9
dea,1,1
patut,1,4
pidatox,1,1
pembawaanx,1,1
bgtu,1,2
elegan,1,1
n,1,21
brwibawah,1,1
pntas,1,1
mmg,1,1
mdptkan,1,1
percaya,1,3
nik,1,2
jujur,1,6
hebat,1,12
gua,1,3
jg,1,13
benci,1,2
nikmir,1,1
muna,1,1
maaf,1,5
image,1,1
dpan,1,1
sok,1,4
aniaya,1,1
jual,1,1
air,1,2
mata,1,37
nikita,1,1
real,1,1
sygnya,1,1
msyarakat,1,1
cendrung,1,1
superfisial,1,1
alami,1,2
bedak,1,1
tebel,1,1
gaya,1,2
bak,1,2
tante,1,2
gagah,1,3
mudah,1,6
lancar,1,33
dampe,1,1
h,1,2
tampil,1,3
sesuai,1,4
classy,1,1
ayu,1,4
gimana,1,4
lcb,1,3
cantikk,1,2
dapet,1,11
duren,1,2
beuntung,1,1
dpt,1,5
sakina,1,1
amin,1,7
ganteng,1,20
seragam,1,2
milik,1,3
fisik,1,2
elok,1,1
mahluk,1,1
mas,1,11
sholeh,1,3
idam,1,2
samawa,1,4
smoga,1,3
agus,1,2
pimpin,1,7
sukses,1,14
dlm,1,9
dear,1,1
bpk,1,9
cra,1,1
berpakain,1,1
cermin,1,1
pribadi,1,4
sngt,1,1
lembut,1,2
tpi,1,2
kel,1,2
lindung,1,6
swt,1,4
hormat,1,5
kagum,1,6
senantiasa,1,1
naung,1,1
sehat,1,21
smg,1,3
ikan,1,2
yah,1,1
nek,1,1
mashaallahhh,1,1
terimakasih,1,14
plataran,1,2
darmawangsa,1,2
acara,1,23
staff,1,1
kes,1,3
tunggu,1,8
rabbi,1,1
dirgantara,1,1
terima,1,12
kasih,1,17
dukung,1,5
sebar,1,1
awareness,1,1
kait,1,1
program,1,7
pesawat,1,4
r,1,2
momen,1,1
emas,1,3
titik,1,2
bangkit,1,2
industri,1,1
terbang,1,3
jaya,1,4
eyang,1,3
habibie,1,4
yuk,1,7
langkah,1,1
langsung,1,11
klik,1,1
link,1,1
bio,1,1
ambisi,1,1
kuat,1,4
laku,1,4
kereeeennnnn,1,1
bnyk,1,1
turus,1,1
bangsa,1,7
sprti,1,3
cucu,1,8
rupa,1,5
kebahagian,1,1
nilai,1,2
sbg,1,2
generasi,1,4
wahhh,1,1
kerenn,1,1
nostalgia,1,1
bersmaa,1,1
bu,1,8
ani,1,2
barakallah,1,1
sholeha,1,1
kelg,1,1
gembira,1,2
ngangeni,1,1
kadang,1,2
kangen,1,8
ceria,1,1
cinta,1,15
parah,1,6
gede,1,3
pinternya,1,1
ketulungan,1,1
sby,1,2
tani,1,2
beliau,1,2
kontribusi,1,1
caption,1,1
kali,1,15
baca,1,5
captionnya,1,1
ajar,1,12
bahasa,1,2
inggris,1,1
personal,1,1
tdk,1,3
kenal,1,5
anie,1,1
betapa,1,2
mandiri,1,1
unggul,1,2
engkau,1,1
tebar,1,1
assalamualaikum,1,1
banda,1,1
aceh,1,1
nya,1,50
sikap,1,1
etika,1,1
perilaku,1,2
sungguh,1,6
bijaksana,1,2
calon,1,5
hangat,1,1
darmanto,1,1
rapi,1,1
photo,1,1
studio,1,1
senang,1,7
liat,1,21
nikmat,1,4
brsama,1,1
trs,1,3
memo,1,2
pepo,1,2
kisss,1,1
mebangun,1,1
maju,1,4
jokowi,1,6
kualitas,1,7
itulohhh,1,1
hihi,1,2
bangetsss,1,1
top,1,4
pake,1,12
drama,1,1
gimick,1,1
idupnya,1,1
tajir,1,2
via,1,3
sptnya,1,1
siyok,1,1
kejam,1,1
dunia,1,9
tetep,1,3
karya,1,7
dg,1,2
org,1,7
kaga,1,1
gimmickan,1,1
hidup,1,14
hitam,1,34
putih,1,35
kl,1,8
ngomong,1,4
blakan,1,1
ngga,1,4
pura,1,1
gw,1,7
munafik,1,1
ortu,1,2
palsu,1,1
onoh,1,1
noh,1,1
mulut,1,1
lebar,1,1
kya,1,2
gorong,1,1
tukang,1,1
ngibul,1,1
munfik,1,1
wartawan,1,1
omong,1,1
balance,1,1
go,1,4
head,1,1
cuekin,1,1
gaul,1,2
kerja,1,13
masyarakat,1,1
ertong,1,1
gatel,1,1
bin,1,1
sirik,1,2
anggep,1,1
kuman,1,1
status,1,1
bahan,1,2
ngetawain,1,1
nggak,1,2
abang,1,2
borisq,1,1
gk,1,7
bc,1,1
nmx,1,1
bner,1,1
ngeh,1,2
bang,1,13
bor,1,1
weewww,1,1
ak,1,1
baju,1,4
adat,1,1
karo,1,2
syip,1,1
anti,1,1
weding,1,1
masyaallah,1,3
gileee,1,1
suaraaanyaa,1,1
kereen,1,2
dr,1,9
nyanyi,1,9
asli,1,11
kereeeeeeeeeeeeeeennn,1,1
sampe,1,9
merinding,1,1
brrrrr,1,1
yatuhan,1,1
suaranyaaaaaaa,1,1
bangetttttttt,1,1
suara,1,28
merdu,1,1
coba,1,7
audisi,1,1
bakat,1,6
salur,1,1
drpd,1,1
modal,1,2
tampang,1,1
doang,1,1
pdhl,1,3
jelek,1,3
mending,1,4
emg,1,2
dasar,1,4
nasib,1,2
yak,1,3
dgrin,1,1
bulu,1,1
kuduk,1,1
saking,1,2
bgusnya,1,1
apik,1,1
subhanallah,1,2
getar,1,1
dengar,1,6
bagusss,1,1
sekolah,1,7
natural,1,4
usia,1,1
kerennnn,1,2
polos,1,2
tenar,1,3
gek,1,1
selebgram,1,1
novilda,1,1
dek,1,2
hilang,1,1
arah,1,2
cepat,1,9
tumbuh,1,1
asah,1,1
iniii,1,1
pingin,1,1
rambut,1,1
alusin,1,1
dl,1,1
kamera,1,1
hahaha,1,2
bnr,1,4
lelah,1,1
abis,1,7
pulang,1,2
ulang,1,2
sampet,1,1
alhamdulillah,1,17
kidz,1,1
zaman,1,2
niw,1,1
aduhh,1,1
enak,1,8
nge,1,1
jazz,1,1
gimanaa,1,1
gtu,1,3
ntr,1,2
hahahahahaha,1,1
skill,1,1
nomer,1,1
batu,1,1
abege,1,1
jaman,1,6
kereeen,1,3
nih,1,20
didengernya,1,1
bosen,1,3
puter,1,1
lipsing,1,1
gajelas,1,1
joget,1,1
waduuhhh,1,1
bangeeet,1,1
dedek,1,1
emeesh,1,1
yes,1,4
bingits,1,1
seandaix,1,1
video,1,9
sprt,1,1
gin,1,7
kreativ,1,1
dripda,1,1
mesum,1,1
ngelem,1,1
dll,1,1
bau,1,1
negativ,1,1
dosa,1,1
maluin,1,1
bagussss,1,2
permak,1,2
kayak,1,10
kereeeeennnn,1,1
santai,1,4
polossss,1,1
neko,1,5
jossss,1,1
yesssssss,1,1
kids,1,2
diksh,1,1
jempolllll,1,1
skul,1,1
yaakk,1,1
mase,1,1
palg,1,1
bando,1,1
mantap,1,15
tinggal,1,5
poles,1,1
dikit,1,2
sinar,1,1
pas,1,10
bnget,1,1
pecah,1,3
cakep,1,6
tmbh,1,1
viralkann,1,1
kereeeennnnnn,1,1
suaranyaaahh,1,1
okkeehh,1,1
ketjeeehh,1,1
badaaiik,1,1
ughllaaaallaa,1,1
kirain,1,1
lypsinc,1,1
habis,1,3
eh,1,2
bareng,1,4
kereennn,1,1
ntar,1,2
duit,1,2
cemerlang,1,1
min,1,3
publik,1,1
kyk,1,5
mrinding,1,1
poll,1,1
jaga,1,5
jng,1,1
smpek,1,1
aw,1,1
dkk,1,2
sumpaah,1,1
ampun,1,1
lakikny,1,1
rini,1,9
mungil,1,1
skrg,1,7
swett,1,2
syg,1,4
haaaaaaa,1,1
langgeng,1,7
sllu,1,2
hamil,1,7
selamat,1,12
kandung,1,7
proses,1,1
salin,1,2
kasi,1,3
sampek,1,1
rusak,1,2
jugak,1,1
kek,1,4
emaknya,1,1
sandra,1,2
fit,1,1
prosesi,1,1
sukakkk,1,1
couple,1,1
infotainment,1,1
wkt,1,2
jelang,1,1
dewi,1,5
ken,1,4
hbs,1,3
meni,1,3
krn,1,11
sdh,1,3
prepare,1,1
blm,1,6
finally,1,1
congrats,1,1
lahir,1,4
terhumble,1,1
engga,1,2
pnah,1,1
manja,1,1
jet,1,2
bunda,1,5
maia,1,1
slalu,1,8
kaguminn,1,1
utama,1,2
puyeng,1,2
hibur,1,4
artisann,1,1
tajirrr,1,1
mampuss,1,1
plus,1,1
alayy,1,1
aneh,1,2
salutt,1,1
niaa,1,1
smiga,1,1
nia,1,3
famzz,1,1
fans,1,1
sinteronnya,1,1
urus,1,2
itungannya,1,1
beda,1,7
smnjk,1,1
aura,1,2
keluarr,1,1
kliatan,1,4
gt,1,2
tulusss,1,1
mngkin,1,1
marah,1,2
krna,1,1
ad,1,1
enk,1,1
aj,1,2
ko,1,1
bully,1,2
sgala,1,1
bgus,1,1
pinter,1,6
mnyikapi,1,1
medsos,1,2
jagain,1,1
ariel,1,3
kharisma,1,2
tarik,1,9
skrang,1,1
keriput,1,1
ttp,1,4
lelaki,1,3
bukti,1,4
mama,1,3
sa,1,1
harga,1,3
tulis,1,3
sosmed,1,1
smart,1,1
guys,1,13
lgu,1,1
trus,1,3
bangat,1,2
salpok,1,1
sumpah,1,6
music,1,1
bngat,1,1
konsep,1,1
mv,1,1
handel,1,1
denada,1,1
taro,1,1
kutang,1,1
minim,1,2
perestasi,1,1
agnes,1,5
prestasi,1,3
fashion,1,1
berani,1,4
cocok,1,7
kritik,1,2
protes,1,3
usaha,1,4
pendek,1,1
butuh,1,1
international,1,2
klau,1,2
kaliam,1,1
asyik,1,2
bandingin,1,1
internasional,1,2
ngena,1,1
seru,1,17
didenger,1,1
tumben,1,3
bumbu,1,1
batik,1,1
superman,1,1
wkwkwk,1,1
asik,1,9
dengernyaa,1,1
mak,1,1
album,1,1
inih,1,1
beautiful,1,1
mistake,1,1
talenta,1,1
pamer,1,2
ky,1,1
ygblain,1,1
enakk,1,2
musik,1,3
nyaa,1,4
lhatt,1,1
ka,1,3
dance,1,1
nyamaann,1,1
kayaa,1,1
bgts,1,1
dancenya,1,1
mancappppp,1,1
kenceng,1,1
ragu,1,1
mami,1,5
depe,1,7
kalah,1,1
yesss,1,1
cuco,1,1
babang,1,2
unchhh,1,1
lope,1,1
keliahatannya,1,1
ijk,1,1
matre,1,1
single,1,1
doi,1,1
ajak,1,2
rit,1,1
tetangga,1,1
sblh,1,1
matrenya,1,1
embat,1,1
duda,1,1
singgel,1,1
ngak,1,1
setia,1,13
akhirat,1,3
luck,1,1
persil,1,1
muantepp,1,1
tempuh,1,1
mg,1,1
tanggax,1,1
bhagia,1,1
selladem,1,1
ayem,1,1
mb,1,8
yo,1,1
masny,1,1
ngefans,1,1
saiful,1,1
blng,1,1
jdi,1,2
pembntuny,1,1
gapapala,1,1
ktny,1,1
pgn,1,2
ktmu,1,1
dijambi,1,1
tenang,1,2
jalanin,1,1
andah,1,1
mu,1,4
pacar,1,2
persik,1,1
ganti,1,3
bella,1,4
fokus,1,1
model,1,1
diceramahin,1,1
netizen,1,1
normal,1,2
romantisme,1,1
umbar,1,2
mesra,1,1
iti,1,1
tutup,1,3
naksir,1,1
cewek,1,1
kyanya,1,1
bolu,1,1
cewex,1,1
cntik,1,1
cowox,1,1
mmmmhh,1,1
hehe,1,3
cewenya,1,2
power,1,1
emran,1,2
engku,1,1
anteng,1,1
nyanyang,1,1
cute,1,1
baper,1,1
dech,1,1
manis,1,2
kmrn,1,2
lbh,1,6
lakik,1,1
ciwik,1,1
lho,1,2
sma,1,1
mh,1,2
malu,1,2
cantiikk,1,1
bangett,1,1
angguunn,1,1
euum,1,1
tuju,1,6
sekaliii,1,1
emang,1,5
wow,1,2
pelihara,1,1
cantiik,1,1
maudy,1,1
kusnaedi,1,1
jevin,1,12
radhini,1,5
jalan,1,6
ngikutin,1,1
nonton,1,59
live,1,4
remix,1,3
nunjuk,1,1
nntn,1,3
luk,1,1
erat,1,1
backstage,1,1
stlh,1,1
lolos,1,1
final,1,2
gentle,1,1
tulus,1,1
maha,1,1
pembolakbalik,1,1
mei,1,4
pcrn,1,3
sept,1,1
dipasangin,1,1
des,1,1
jan,1,1
feb,1,2
april,1,2
ngelamar,1,1
tunang,1,1
works,1,1
many,1,1
ways,1,1
plan,1,2
better,1,1
dulunya,1,1
berfikiran,1,1
sangka,1,2
ngajakin,1,1
ah,1,2
wedding,1,1
soundwave,1,1
arti,1,3
batin,1,1
pingkan,1,1
bindeng,1,1
cir,1,1
khas,1,1
merem,1,2
denger,1,2
tauk,1,1
mbaa,1,2
luarbiasanya,1,1
ajah,1,2
cobaa,1,1
sebutin,1,1
heternya,1,1
duhh,1,1
sifatnyaaaaaaaaaaa,1,1
alhamdulillahhh,1,1
ngepost,1,1
ayangnya,1,1
ibel,1,3
biarin,1,1
damai,1,3
isi,1,4
pho,1,1
b,1,1
day,1,1
kakak,1,2
murid,1,1
msh,1,5
ngajar,1,1
mihil,1,1
ramah,1,3
sepupu,1,1
uang,1,1
masuk,1,7
jtan,1,1
siswa,1,1
g,1,22
brp,1,1
sholehah,1,1
hasil,1,10
bela,1,2
agama,1,3
raya,1,1
nikahin,1,1
duh,1,1
geulis,1,1
kitu,1,1
duuuhhhh,1,1
teeeh,1,1
ameeel,1,1
bank,1,1
amel,1,2
tenteng,1,1
hihiii,1,1
nanya,1,1
amelnya,1,1
pindah,1,4
annabel,1,1
positif,1,1
oma,1,2
nan,1,1
cerai,1,1
doa,1,5
ibadah,1,2
heheu,1,1
alesha,1,1
nama,1,1
aamiin,1,3
yra,1,1
nak,1,1
bsok,1,1
bangun,1,1
fahri,1,1
mnta,1,1
waaah,1,1
cew,1,1
yeee,1,1
debay,1,1
acha,1,1
momong,1,2
gemulai,1,1
momo,1,2
putri,1,1
keraton,1,1
jawa,1,2
gbu,1,1
asa,1,3
manggung,1,1
kk,1,1
princess,1,1
prince,1,1
waaahhh,1,1
dokter,1,2
sigit,1,1
best,1,3
humble,1,1
orgnya,1,1
recomend,1,1
ashanti,1,3
bain,1,2
mskipun,1,2
bkn,1,2
ank,1,2
kndung,1,1
smua,1,1
orng,1,1
hak,1,3
mrugikan,1,1
ornglain,1,1
aurel,1,13
cantiiik,1,1
sambung,1,2
sellu,1,1
plingbdpan,1,1
mmbela,1,1
azriel,1,2
pra,1,1
hatters,1,1
ashanty,1,1
segitu,1,2
bidadari,1,1
tv,1,23
tiri,1,3
trdpan,1,1
yh,1,2
mngalahin,1,1
sndri,1,1
cma,1,1
diam,1,1
ajj,1,1
bt,1,1
pa,1,1
slah,1,1
pd,1,1
dya,1,2
jga,1,1
cipta,1,2
sgla,1,1
nyinyiir,1,1
mslh,1,1
pnampilan,1,1
brarti,1,1
dh,1,1
tuuh,1,1
bsa,1,1
baek,1,1
bgs,1,1
nyinyiiir,1,1
awat,1,2
paksa,1,1
cm,1,1
kuping,1,1
tente,1,1
nampak,1,1
putib,1,1
suntik,1,1
ra,1,1
astagfirullah,1,1
ngomongnya,1,1
caper,1,1
sia,1,1
perempuan,1,3
pipi,1,1
mimi,1,1
ny,1,1
strong,1,1
nyinyir,1,1
iri,1,1
ash,1,1
lebay,1,1
km,1,1
bayangin,1,1
managernya,1,1
amiiii,1,1
banggeett,1,1
loh,1,4
gadis,1,1
aammiinnn,1,1
dadddd,1,1
dateng,1,1
papa,1,3
saksi,1,3
ayah,1,3
lekas,1,1
temu,1,4
sj,1,2
alas,1,2
larang,1,1
sibapak,1,1
berrti,1,1
cerita,1,8
yea,1,1
polisi,1,2
hahahaha,1,2
belok,1,1
sim,1,1
nembak,1,1
gatau,1,2
rambu,1,1
surat,1,1
perintah,1,1
yaelah,1,1
lu,1,3
pikir,1,4
geledah,1,1
baguass,1,1
kelak,1,2
kluarga,1,1
abbey,1,1
ketemu,1,1
artika,1,1
sari,1,1
disesemall,1,1
jakarta,1,1
ampunnn,1,1
ayunee,1,1
semampai,1,1
murah,1,11
senyummm,1,1
pis,1,1
yess,1,2
buah,1,2
jatuh,1,2
pohon,1,1
darah,1,1
seni,1,1
titip,1,1
indah,1,3
rezeki,1,1
berlimpaah,1,1
rejekinya,1,1
pria,1,1
keras,1,2
nafkah,1,2
milih,1,2
nganggur,1,1
ketimbang,1,1
ojol,1,1
diselingkuhin,1,1
tanggung,1,3
otomatis,1,1
dgn,1,8
komunikasi,1,3
rejeki,1,5
kenan,1,1
banting,1,1
tulang,1,1
duduk,1,1
bangku,1,1
empuk,1,1
pakai,1,28
ac,1,1
rampok,1,1
rakyat,1,2
jelata,1,1
inget,1,1
sy,1,4
gojek,1,4
srg,1,1
nlp,1,1
nanyain,1,1
mkn,1,2
mgkn,1,1
sempet,1,2
hujan,1,2
panas,1,1
penh,1,1
keluh,1,2
keep,1,1
touch,1,1
sibuk,1,1
juang,1,3
ms,1,1
respect,1,1
beneran,1,1
unt,1,1
insyaallah,1,1
akherat,1,1
surga,1,1
profesi,1,1
kau,1,1
juara,1,3
lacar,1,1
rejekimu,1,1
amiiin,1,1
apaoun,1,1
halal,1,1
u,1,1
tuk,1,1
mayoritas,1,1
pegangguran,1,1
asaa,1,1
tibatiba,1,1
lapang,1,2
ijasah,1,1
bantu,1,5
sembak,1,2
hhe,1,1
nimbrung,1,1
wa,1,1
kekanak,1,1
kana,1,1
undang,1,9
shanijkt,1,1
hitamputih,1,11
menang,1,8
ssk,1,1
jkt,1,1
mjkt,1,1
puasa,1,3
amal,1,1
trans,1,26
norwegia,1,1
adietaufan,1,1
asiknya,1,1
komplit,1,2
inspiratif,1,5
bro,1,1
hitamputihtrans,1,10
sanggu,1,1
ikat,1,1
silaturahmi,1,1
lunamaya,1,1
www,1,3
instagram,1,4
com,1,6
p,1,4
btqszjjoa,1,1
adik,1,1
btyytxmgvkd,1,1
da,1,1
rafly,1,1
jebol,1,1
dangdut,1,1
academi,1,1
india,1,1
rancang,1,1
dakwah,1,1
ustadz,1,2
wijayanto,1,1
rihanna,1,1
bintang,1,2
tamu,1,5
tayang,1,5
tonton,1,31
malam,1,17
inspirasi,1,21
sobat,1,1
rafatharonhp,1,1
topik,1,3
ttg,1,1
ganda,1,1
anastasya,1,1
wella,1,1
rindu,1,2
wihh,1,1
kakek,1,1
nenek,1,2
sekian,1,2
yukikatou,1,1
nongol,1,1
spensa,1,1
boys,1,3
poso,1,1
kemeja,1,1
biru,1,2
gingsul,1,1
wahh,1,1
vocalgrup,1,1
thanks,1,5
dedy,1,3
mantab,1,2
ulas,1,1
spot,1,1
indahmariana,1,1
hitamputiht,1,3
hpjkt,1,1
jkthitamputiht,1,1
trio,1,1
unyu,1,1
master,1,1
news,1,1
episode,1,1
jeket,1,1
gen,1,1
ok,1,3
donk,1,1
focus,1,1
deddy,1,1
corbuzier,1,1
hr,1,1
guru,1,3
tanda,1,1
jasa,1,1
gaji,1,1
siang,1,3
aktivitas,1,2
chaenel,1,1
stefanlilipaly,1,1
andik,1,1
vermansah,1,1
jesika,1,1
oke,1,2
tweeps,1,2
rapat,1,1
sebentar,1,1
besok,1,2
hpviral,1,1
karunia,1,1
indonesialawyersclub,1,2
wawas,1,2
bicara,1,1
ilc,1,25
tvonenews,1,2
ngakak,1,2
pokok,1,3
indobesia,1,1
lawyers,1,5
club,1,5
tvone,1,9
talkshow,1,1
pirsa,1,3
tahuntvone,1,1
buya,1,2
syafii,1,2
maarif,1,1
youtu,1,3
gpxskltaly,1,1
panglima,1,1
trtnueaw,1,1
rating,1,1
one,1,1
lesat,1,1
sejuk,1,3
obrol,1,2
debat,1,4
bidang,1,1
hukum,1,1
adem,1,3
aa,1,3
gymnastiar,1,1
ikhlas,1,1
karniilyas,1,3
cerdas,1,4
senandung,1,2
belah,1,4
umat,1,1
musnah,1,1
paham,1,2
sejati,1,1
rangkul,1,2
ahok,1,12
selaras,1,1
ustad,1,1
utadz,1,1
zaitun,1,1
rasmin,1,1
saji,1,2
berita,1,1
obyektif,1,1
tvoneslldihati,1,1
polmart,1,1
kpk,1,1
usut,1,1
tuntas,1,1
ektp,1,1
ilctvone,1,24
televisi,1,1
nunggu,1,6
karni,1,1
dengerin,1,1
nasehat,1,2
gym,1,2
islamjagankri,1,1
generalgatot,1,2
serap,1,1
panglimatni,1,1
jendralgatotnurmantyo,1,1
komitmen,1,1
wibawa,1,2
jenderal,1,1
jendral,1,1
nextpresiden,1,1
mental,1,1
jiwa,1,4
maarifinstitute,1,1
kejernihaannya,1,1
kapolri,1,1
barakallahu,1,1
mari,1,1
jagankri,1,1
jonru,1,1
hafidz,1,1
ary,1,1
ahmaddhaniprast,1,1
diketawain,1,1
kalem,1,1
ujung,1,2
keringat,1,1
dingin,1,1
ahmad,1,1
dhani,1,1
hasim,1,1
muzadi,1,1
menentramkan,1,1
jhonson,1,1
panjaitan,1,1
lugas,1,1
akal,1,1
kompak,1,1
bnn,1,1
botak,1,1
soleh,1,1
hendropriyono,1,1
cerah,1,1
prof,1,1
mohmahfudmd,1,1
media,1,2
iklan,1,2
korporasi,1,1
melek,1,1
darmawan,1,1
salihin,1,1
semga,1,1
informasi,1,2
yag,1,2
ih,1,1
kick,1,9
andy,1,9
hasan,1,2
merkids,1,1
ubah,1,2
mimpi,1,4
tindak,1,2
kickandy,1,43
gokil,1,2
eps,1,1
manfaat,1,2
lentera,1,1
mahasiswaum,1,1
agung,1,5
musisi,1,1
gelora,1,1
nasionalisme,1,1
kebhinekaan,1,1
unjuk,1,1
nkri,1,2
mati,1,1
imajinasi,1,1
daki,1,2
gunung,1,2
alam,1,2
niscaya,1,1
narapidana,1,1
eevnxx,1,1
scr,1,1
otodidak,1,1
tertawa,1,1
hapsah,1,1
muncul,1,1
sumbang,1,1
ronny,1,1
acung,1,1
jempol,1,1
sahabat,1,7
gimbal,1,1
lupa,1,2
ala,1,3
cak,1,1
tarpin,1,1
takut,1,3
http,1,11
ekhs,1,2
nomor,1,1
menulisadalahkesenangansaya,1,1
htm,1,1
hindar,1,1
th,1,1
berfikir,1,1
membiyayai,1,1
bajak,1,1
sawah,1,1
metro,1,15
metrotvtoday,1,1
kickandyshow,1,4
ajang,1,2
reuni,1,1
kosti,1,2
dki,1,1
jateng,1,1
ku,1,1
pagi,1,3
uts,1,1
duluan,1,1
poto,1,1
gambar,1,2
kawan,1,1
btguakhkxq,1,1
kocak,1,2
lomba,1,1
design,1,1
malang,1,1
persis,1,1
ift,1,1
tt,1,1
orww,1,1
uji,1,1
tuhan,1,2
rias,1,1
bersih,1,2
tamuahok,1,1
analta,1,1
amir,1,1
nyaring,1,1
kickand,1,1
jago,1,1
kickandyheroes,1,1
penta,1,2
rumania,1,1
eks,1,1
kickandyp,1,1
selip,1,1
detik,1,2
motivasi,1,1
disabilitas,1,1
perjuagan,1,1
istimewa,1,1
tembus,1,1
batas,1,1
al,1,1
misbah,1,1
najwa,1,29
favorit,1,3
pancasila,1,1
metrotvn,1,1
ws,1,1
znajqeb,1,1
selera,1,3
ketua,1,2
dpp,1,1
pkb,1,1
najwashihab,1,2
dialog,1,1
rugi,1,2
matanajwa,1,2
rt,1,3
tl,1,1
gd,1,1
nnocf,1,1
metrotv,1,1
tentram,1,1
tajam,1,1
silet,1,1
kandang,1,1
lawan,1,1
anies,1,1
baswedan,1,3
gemilang,1,1
romantis,1,1
muas,1,3
diskusi,1,1
anis,1,4
fb,1,4
kyynadc,1,1
paslon,1,1
insaallah,1,1
jarot,1,1
sip,1,1
kpud,1,1
atur,1,1
jaim,1,1
pelosok,1,1
edukatif,1,1
santun,1,1
aniessandipemersatu,1,1
matanajwametrotv,1,24
islami,1,1
teladan,1,2
rame,1,1
nambah,1,3
kado,1,1
oowqcwgyj,1,1
tjokro,1,1
senioritas,1,1
kerdil,1,1
bp,1,1
bambang,1,1
woidjojayanto,1,1
savekpk,1,1
gusdur,1,1
sus,1,1
dahlan,1,2
faisal,1,1
basri,1,1
minggu,1,3
merdeka,1,1
tanyajokowi,1,1
hutjekardah,1,1
byk,1,1
kuasa,1,2
bj,1,1
abraham,1,2
slamet,1,1
jk,1,2
ganjar,1,2
pranowo,1,1
samad,1,1
rendah,1,1
tiru,1,1
iskan,1,1
dpr,1,1
desa,1,1
bebas,1,2
rokok,1,1
bjh,1,1
hab,1,1
myloc,1,1
ddto,1,1
narasumber,1,1
cie,1,1
job,1,2
user,1,6
mention,1,6
boikot,1,5
produk,1,1
sakti,1,1
v,1,4
paket,1,10
product,1,21
gratis,1,21
youtube,1,14
kirim,1,2
pos,1,2
marchandes,1,1
stabil,1,2
url,1,25
cug,1,1
community,1,1
rekan,1,1
bisnis,1,1
kampus,1,1
jarak,1,1
hore,1,3
sinyal,1,17
sambu,1,1
alhamdulilah,1,1
kunjung,1,1
vendor,1,1
mitra,1,1
klinikkumsda,1,1
kuota,1,10
berkah,1,3
ngabuburit,1,1
sahur,1,2
koko,1,1
greget,1,2
network,1,1
speed,1,1
irit,1,2
kere,1,1
kartu,1,5
mahal,1,5
tari,1,1
tabuhan,1,1
gendang,1,1
isya,1,1
tarawih,1,1
samsung,1,1
j,1,1
medan,1,1
kencang,1,6
pointastic,1,1
deal,1,1
pointasticdeal,1,1
lte,1,3
aksi,1,1
teman,1,3
telecommunications,1,1
sydney,1,1
mahasiswa,1,1
dn,1,1
libur,1,1
hacker,1,1
intropeksi,1,1
lot,1,3
cs,1,1
fast,1,2
response,1,1
konsumen,1,2
operator,1,4
opinipenjualpulsa,1,1
prinsip,1,1
kota,1,2
sumedang,1,1
kuotagratis,1,1
internetan,1,1
kuning,1,1
keki,1,1
internet,1,8
ciwidey,1,1
glte,1,1
dibayarin,1,2
poin,1,7
gsm,1,1
handphone,1,1
simpati,1,1
sms,1,1
tarif,1,1
beres,1,2
konfirmasi,1,1
janji,1,1
gnya,1,3
ayo,1,4
buru,1,3
upgrade,1,3
upload,1,2
gb,1,8
menit,1,3
nelpon,1,5
aman,1,2
capture,1,1
kuotaaman,1,1
mamuju,1,1
hemat,1,1
buang,1,1
lagipula,1,1
nomernya,1,1
ping,1,1
ribu,1,4
lumayan,1,5
bukber,1,1
nulis,1,1
hashtag,1,1
ungar,1,1
giga,1,1
dihack,1,1
jangkau,1,1
telpon,1,2
mumpung,1,1
onlyforu,1,1
langgan,1,1
diginikan,1,1
canggih,1,1
penuh,1,1
puncak,1,1
halimun,1,1
kouta,1,1
betah,1,1
riah,1,2
hadiah,1,1
fantastis,1,1
simpel,1,1
pulsa,1,3
promonya,1,1
ajaib,1,1
data,1,3
layan,1,3
mantapjiwa,1,1
aktif,1,1
puas,1,3
hapus,1,1
pesan,1,2
subuh,1,1
lantun,1,1
adhan,1,1
styles,1,1
mekah,1,1
madinah,1,1
jaring,1,8
smartphone,1,1
koneksi,1,5
pantau,1,1
sosial,1,1
bijak,1,1
fasilitas,1,1
free,1,1
yonder,1,1
genflix,1,1
segar,1,1
lari,1,1
nikmatin,1,1
jernih,1,2
streaming,1,3
luas,1,1
selesai,1,4
pekerjaaan,1,2
jumat,1,2
weekend,1,3
speedtest,1,2
area,1,2
tarogong,1,2
garut,1,2
passengers,1,1
makasih,1,1
makan,1,3
tuker,1,1
eleven,1,5
sevel,1,2
tukar,1,1
js,1,1
rp,1,3
pt,1,1
homenya,1,1
lengkap,1,1
festival,1,1
bagiberkah,1,2
sentuh,1,1
faedah,1,2
berbagiberkah,1,1
andal,1,1
memggunakan,1,1
selang,1,1
lebaran,1,1
dipalembang,1,1
rembang,1,1
berkat,1,1
mudik,1,1
nyaman,1,2
mampir,1,1
posko,1,1
transaksinormal,1,1
ramadhan,1,1
ngopi,1,1
nyantai,1,1
klasik,1,1
fitur,1,1
perdana,1,2
youtubetahun,1,1
jabo,1,1
dikerjain,1,1
lapak,1,1
rebah,1,1
belanja,1,1
online,1,1
mupeng,1,1
thr,1,1
purwakarta,1,1
astaga,1,1
sore,1,1
main,1,6
hape,1,2
referensi,1,1
gudang,1,1
edit,1,1
tethering,1,1
badai,1,1
browsing,1,1
artikel,1,1
jamin,1,1
hobi,1,1
ngecek,1,1
promo,1,1
penguna,1,1
internetnya,1,2
full,1,1
xd,1,1
file,1,1
nyoba,1,1
cuaca,1,1
pantesan,1,1
lombok,1,1
timur,1,1
ide,1,1
ramai,1,1
lokasi,1,1
wisata,1,1
flm,1,3
lo,1,1
radityadika,1,9
kentel,1,1
tokoh,1,1
film,1,115
kong,1,1
skull,1,1
island,1,1
nobar,1,1
bravo,1,1
filmkartini,1,4
sudut,1,1
pandang,1,1
kartini,1,23
haruuuu,1,1
romanharusbertahan,1,1
bnyak,1,1
makna,1,1
sperti,1,1
rompisrepost,1,1
layardrama,1,1
rcti,1,1
danur,1,9
dramatis,1,1
laris,1,3
telat,1,1
nontonnya,1,3
mendeliver,1,1
banggafilmindonesia,1,1
legacypictures,1,3
hanungbramantyo,1,7
bioskop,1,5
divergent,1,1
cepetan,1,1
furious,1,1
tz,1,1
ucweb,1,1
oaoo,1,1
jxtmtjfcu,1,1
trailer,1,1
nang,1,5
thank,1,1
awisuryadi,1,1
tim,1,1
uda,1,2
tmn,1,1
sila,1,1
rekomended,1,1
horor,1,4
maret,1,1
manojpunjabi,1,1
danurmovie,1,4
favorite,1,1
criticaleleven,1,5
buku,1,2
kecewa,1,1
ikanatassa,1,1
ekspektasi,1,2
jordan,1,1
peele,1,1
nyari,1,1
comedy,1,1
recomended,1,2
cek,1,2
tread,1,1
kask,1,1
us,1,1
hezsl,1,1
nemu,1,1
judul,1,3
ziarah,1,6
apresiasi,1,2
critical,1,5
peluk,1,1
sutradara,1,1
mbah,1,6
sri,1,2
peran,1,1
thn,1,1
kantinidhijabers,1,1
lgsg,1,1
moveon,1,2
nnton,1,1
lagiii,1,1
lipat,1,1
ledak,1,1
pasar,1,1
catat,1,2
cenayangfilm,1,4
barusan,1,2
night,1,1
bus,1,1
layar,1,2
bandung,1,1
putar,1,1
raditya,1,1
cema,1,2
sorayafilms,1,1
theguysquiz,1,1
terimakasi,1,1
nihh,1,1
ngageting,1,1
unlocked,1,1
action,1,1
nemenin,1,1
long,1,1
hehehehe,1,1
gapernah,1,1
tnx,1,1
bom,1,1
korea,1,1
obsessed,1,1
huehe,1,1
gegara,1,1
epic,1,1
muat,1,1
lap,1,1
sejarah,1,4
misteri,1,1
simak,1,1
fff,1,1
jarang,1,2
negara,1,1
enggan,1,1
produksi,1,1
lapor,1,1
worth,1,1
watch,1,1
instrospeksi,1,1
today,1,1
